date,portfolio,spy
2020-01-02,100000.0,100000.0
2020-01-03,100000.0,99242.77403269001
2020-01-06,100000.0,99621.387016345
2020-01-07,100000.0,99341.27497152708
2020-01-08,100000.0,99870.71751777634
2020-01-09,100000.0,100547.91147228121
2020-01-10,100000.0,100258.5649644473
2020-01-13,100000.0,100948.07153630683
2020-01-14,100000.0,100794.1638193739
2020-01-15,100000.0,101021.94724043463
2020-01-16,100581.05,101862.28337488841
2020-01-17,101042.6166,102179.33327177024
2020-01-21,102182.26589999998,101979.25323975744
2020-01-22,102628.575,101991.56585711206
2020-01-23,104236.5462,102108.53572198111
2020-01-24,103295.24519999999,101200.48019207682
2020-01-27,100988.35059999999,99578.29285560378
2020-01-28,102975.13279999999,100621.78717640902
2020-01-29,102284.1682,100538.67700926524
2020-01-30,104082.86,100864.96136916305
2020-01-31,102222.41639999999,99033.45953766121
2020-02-03,108577.1271,99769.1384246006
2020-02-04,114676.26539999999,101289.74666789793
2020-02-05,109594.0929,102459.44531658817
2020-02-06,109571.1497,102804.19860251794
2020-02-07,109641.73809999999,102256.28713023671
2020-02-10,111814.06109999999,103019.66940622403
2020-02-11,112444.2237,103198.20235786622
2020-02-12,113496.6159,103863.08369501647
2020-02-13,113890.8599,103752.27013882477
2020-02-14,115592.14399999999,103918.49047311232
2020-02-18,119023.2618,103650.69104564903
2020-02-19,122681.93579999999,104146.27389417305
2020-02-20,120838.674,103718.41044109952
2020-02-21,117483.4368,102650.290885585
2020-02-24,111002.38289999998,99245.85218702865
2020-02-25,108741.17159999999,96238.49539815926
2020-02-26,109246.4297,95884.50764921353
2020-02-27,108824.7497,91578.16972943023
2020-02-28,108674.6697,91193.40043709791
2020-03-02,109347.78970000001,95142.67245359681
2020-03-03,108660.1097,92418.50586388401
2020-03-04,109501.2297,96303.13663927109
2020-03-05,108884.6697,93101.8561270662
2020-03-06,108671.30970000001,91562.77895773693
2020-03-09,107412.42970000001,84412.22642903315
2020-03-10,108400.2697,88780.12743558962
2020-03-11,107604.5097,84452.2424354357
2020-03-12,105662.9897,76372.08729645704
2020-03-13,105662.9897,82900.85264875181
2020-03-16,105662.9897,73829.5318127251
2020-03-17,105662.9897,77815.7416812879
2020-03-18,105662.9897,73875.70412780497
2020-03-19,105662.9897,74032.68999907655
2020-03-20,105662.9897,70428.1712685074
2020-03-23,105662.9897,68627.45098039215
2020-03-24,105662.9897,74845.3227444824
2020-03-25,105662.9897,75965.77092375411
2020-03-26,105662.9897,80401.39132576107
2020-03-27,105662.9897,78006.58725028473
2020-03-30,105662.9897,80539.90827100069
2020-03-31,105662.9897,79339.42807892387
2020-04-01,105662.9897,75768.76904607996
2020-04-02,105662.9897,77517.16071043802
2020-04-03,105662.9897,76396.71253116631
2020-04-06,105662.9897,81527.99581371009
2020-04-07,105662.9897,81611.10598085388
2020-04-08,105662.9897,84350.66334225997
2020-04-09,105662.9897,85634.25370148059
2020-04-13,105662.9897,84852.40249946133
2020-04-14,105662.9897,87354.94197679072
2020-04-15,105662.9897,85498.81491057962
2020-04-16,105662.9897,85911.28759195987
2020-04-17,105662.9897,88232.2159633084
2020-04-20,105662.9897,86677.74802228583
2020-04-21,105662.9897,84045.92606273279
2020-04-22,105662.9897,85911.28759195987
2020-04-23,105662.9897,85905.13128328255
2020-04-24,105662.9897,87102.53332102073
2020-04-27,105662.9897,88358.4202911934
2020-04-28,105662.9897,87952.10391849047
2020-04-29,105662.9897,90254.56336380704
2020-04-30,105662.9897,89414.22722935327
2020-05-01,105662.9897,87047.12654292487
2020-05-04,105662.9897,87287.22258134023
2020-05-05,105662.9897,88093.69901806877
2020-05-06,105662.9897,87496.537076369
2020-05-07,105662.9897,88552.34401452889
2020-05-08,105662.9897,90017.54547973035
2020-05-11,105662.9897,90036.0144057623
2020-05-12,104037.51340000001,88241.45042632437
2020-05-13,102432.4659,86680.82617662451
2020-05-14,103764.621,87718.16418875243
2020-05-15,105305.46440000001,88121.40240711668
2020-05-18,107159.586,90805.55299042694
2020-05-19,107235.35,89872.87222581341
2020-05-20,109945.79490000001,91399.63677778804
2020-05-21,109706.83820000001,90768.61513836303
2020-05-22,110619.43870000001,90940.99178132792
2020-05-26,109625.1358,92061.43996059963
2020-05-27,108964.3049,93431.21864130266
2020-05-28,108146.13190000001,93258.84199833781
2020-05-29,109999.1134,93674.39283405669
2020-06-01,112295.94430000002,94053.0058177117
2020-06-02,112211.3177,94831.7788653923
2020-06-03,111935.92670000001,96093.82214424231
2020-06-04,110570.53700000001,95841.41348847232
2020-06-05,112850.7822,98297.78065072182
2020-06-08,114452.27720000001,99485.94822544402
2020-06-09,116233.1375,98744.11302982732
2020-06-10,119678.4642,98193.12340320744
2020-06-11,113837.4689,92532.39757441438
2020-06-12,113979.3227,93640.53313633145
2020-06-15,116701.70850000001,94514.72896851048
2020-06-16,117464.19600000001,96333.91818265767
2020-06-17,118164.4335,95933.75811863207
2020-06-18,118204.68490000001,95970.69597069596
2020-06-19,118241.2267,95004.15550835719
2020-06-22,119732.8295,95613.63006741158
2020-06-23,120687.18750000001,96053.80613783975
2020-06-24,117510.15740000001,93603.59528426755
2020-06-25,119344.83420000001,94607.07359867025
2020-06-26,114184.38590000001,92360.0209314495
2020-06-29,116964.77320000001,93717.4869947979
2020-06-30,120543.4697,94917.96718687475
2020-07-01,122892.2992,95582.84852402499
2020-07-02,125310.3192,96109.2129159356
2020-07-06,131592.9787,97592.88330716902
2020-07-07,131967.6928,96586.32683842766
2020-07-08,133234.0589,97325.08387970572
2020-07-09,135071.7282,96771.01609874719
2020-07-10,139103.8497,97759.10364145658
2020-07-13,135798.046,96912.61119832547
2020-07-14,137688.0582,98168.49816849816
2020-07-15,138202.23419999998,99070.39738972513
2020-07-16,136577.5121,98744.11302982732
2020-07-17,136829.9317,99030.38138332257
2020-07-20,142621.84579999998,99830.70151137377
2020-07-21,139519.213,100043.09416074122
2020-07-22,140406.80169999998,100612.55271339304
2020-07-23,135181.5417,99412.07252131621
2020-07-24,132608.2714,98771.81641887524
2020-07-27,137328.8047,99492.10453412135
2020-07-28,134173.1834,98861.08289469634
2020-07-29,136390.9044,100076.95385846646
2020-07-30,137091.4452,99719.88795518206
2020-07-31,139328.81949999998,100507.89546587865
2020-08-03,142100.1319,101206.63650075416
2020-08-04,142539.9818,101597.56210176377
2020-08-05,142754.8828,102228.58374118878
2020-08-06,145853.32799999998,102911.93400437098
2020-08-07,144097.192,102985.80970849878
2020-08-10,143043.61049999998,103293.62514236463
2020-08-11,139436.75019999998,102440.97639055621
2020-08-12,142564.54690000002,103869.24000369379
2020-08-13,143346.3702,103681.4725890356
2020-08-14,143443.9782,103684.55074337428
2020-08-17,145450.2782,104013.91325761074
2020-08-18,146179.2795,104238.61852433281
2020-08-19,145775.7227,103804.59876258195
2020-08-20,148062.9022,104127.8049681411
2020-08-21,151118.23070000001,104497.18348878012
2020-08-24,151887.4349,105556.06858127867
2020-08-25,153996.6032,105925.44710191769
2020-08-26,157090.3492,106987.41034875489
2020-08-27,154360.9129,107221.35007849293
2020-08-28,156396.3875,107913.9348046911
2020-08-31,159648.2077,107523.00920368147
2020-09-01,163104.7912,108535.72198110013
2020-09-02,164592.9537,110105.58069381598
2020-09-03,153662.73070000001,106316.37270292733
2020-09-04,151044.7937,105448.33317942561
2020-09-08,144167.76520000002,102567.1807184412
2020-09-09,145844.33419999998,104592.60627327854
2020-09-10,144013.1102,102776.49521347
2020-09-11,142826.6032,102828.8238372272
2020-09-14,142684.2642,104183.21174623695
2020-09-15,143649.5912,104709.57613814756
2020-09-16,142483.6622,104294.02530242866
2020-09-17,141307.6472,103376.73530950841
2020-09-18,141525.4352,101779.17320774462
2020-09-21,141401.9792,100646.4124111183
2020-09-22,140526.8462,101671.43780589159
2020-09-23,137015.4192,99313.57158247914
2020-09-24,137083.5882,99578.29285560378
2020-09-25,137397.3122,101188.16757472219
2020-09-28,138166.9622,102868.83984362976
2020-09-29,137944.1302,102308.6157539939
2020-09-30,137948.5282,103084.31064733585
2020-10-01,138262.2522,103746.11383014744
2020-10-02,137399.5112,102761.1044417767
2020-10-05,138079.0022,104583.37181026257
2020-10-06,137923.6062,103096.6232646905
2020-10-07,138125.9142,104891.18724412842
2020-10-08,138608.9612,105820.7898544033
2020-10-09,138855.9822,106765.78323637147
2020-10-12,139275.9912,108483.39335734294
2020-10-13,139207.0892,107775.41785945147
2020-10-14,139119.8622,107098.22390494659
2020-10-15,139092.7412,106965.86326838427
2020-10-16,138998.9172,106901.22202727245
2020-10-19,138787.8132,105275.95653646074
2020-10-20,138877.2392,105697.66368085696
2020-10-21,138515.1372,105497.58364884416
2020-10-22,138611.8932,106076.27666451196
2020-10-23,138564.2482,106436.42072213501
2020-10-26,137854.7042,104469.4800997322
2020-10-27,137602.5522,104109.33604210915
2020-10-28,136694.3652,100550.98962661989
2020-10-29,137266.1052,101572.93686705451
2020-10-30,136871.7512,100514.05177455599
2020-11-02,136990.49719999998,101640.656262505
2020-11-03,137174.4802,103435.22024194292
2020-11-04,137971.2512,105746.9141502755
2020-11-05,139161.6432,107809.27755717671
2020-11-06,139143.3182,107784.65232246745
2020-11-09,138770.9542,109139.0402314772
2020-11-10,137861.3012,108978.97620586696
2020-11-11,138798.8082,109788.53079693415
2020-11-12,138379.53220000002,108723.4893957583
2020-11-13,139064.4942,110228.70686736233
2020-11-16,139626.9557,111604.6418567427
2020-11-17,139425.39419999998,111004.40176070428
2020-11-18,139110.50919999997,109668.48277772647
2020-11-19,139652.29869999998,110130.20592852526
2020-11-20,139245.0392,109376.05811555391
2020-11-23,139381.3092,110031.70498968818
2020-11-24,140311.58519999997,111804.7218887555
2020-11-25,140212.4267,111632.34524579062
2020-11-27,140858.9172,111943.23883399513
2020-11-30,141554.6431,111447.65598547111
2020-12-01,143430.07809999998,112666.60510357989
2020-12-02,143321.7145,112903.6229876566
2020-12-03,143530.4032,112872.84144427002
2020-12-04,145232.8411,113845.53821528611
2020-12-07,147758.0276,113611.59848554806
2020-12-08,148089.15649999998,113944.03915412318
2020-12-09,143517.5502,112922.09191368855
2020-12-10,144343.7657,112885.15406162465
2020-12-11,143698.7651,112752.79342506234
2020-12-14,146234.91,112247.97611352232
2020-12-15,147233.3732,113765.50620248099
2020-12-16,147753.5986,113944.03915412318
2020-12-17,149117.7567,114581.2171022255
2020-12-18,150923.946,113639.30187459599
2020-12-21,148244.58109999998,113232.98550189307
2020-12-22,148049.328,113042.13993289623
2020-12-23,147012.68649999998,113143.71902607197
2020-12-24,148556.88509999998,113583.89509650014
2020-12-28,149484.1211,114559.6700218549
2020-12-29,148736.857,114341.12106381013
2020-12-30,150357.0127,114504.26324375904
2020-12-31,151236.6382,115086.0344137655
2021-01-04,150606.4795,113519.2538553883
2021-01-05,151440.7995,114301.10505740758
2021-01-06,150494.6932,114984.45532058977
2021-01-07,157553.1152,116692.83097854526
2021-01-08,160980.7626,117357.7123156955
2021-01-11,158038.1695,116566.62665066027
2021-01-12,159472.6585,116591.25188536954
2021-01-13,158737.53869999998,116905.2236279127
2021-01-14,158067.9225,116495.82910087111
2021-01-15,155962.15649999998,115646.25850340136
2021-01-19,158165.0925,116554.31403330562
2021-01-20,158411.6297,118167.2669067627
2021-01-21,159375.0717,118275.00230861575
2021-01-22,159704.0417,117856.3733185582
2021-01-25,161657.20059999998,118321.17462369562
2021-01-26,161871.8167,118136.48536337612
2021-01-27,157805.9657,115249.17659371441
2021-01-28,157010.0035,116240.34229076246
2021-01-29,155096.56559999997,113913.2576107366
2021-02-01,157210.02349999998,115809.40068335026
2021-02-02,158716.1056,117446.97879151661
2021-02-03,157889.5435,117539.32342167637
2021-02-04,157674.9056,118875.24240465417
2021-02-05,157777.2035,119343.12186413027
2021-02-08,158288.21349999998,120205.00507895465
2021-02-09,157650.6977,120124.97306614954
2021-02-10,155612.1377,120072.64444239234
2021-02-11,155924.49769999998,120266.56816572783
2021-02-12,156128.1756,120860.65195308892
2021-02-16,155219.4135,120755.99470557453
2021-02-17,155307.54559999998,120783.69809462246
2021-02-18,154815.7156,120269.64632006649
2021-02-19,154538.0577,120057.25367069905
2021-02-22,151487.5335,119133.80736910149
2021-02-23,151487.5335,119278.48062301843
2021-02-24,151487.5335,120592.85252562564
2021-02-25,151487.5335,117687.07482993197
2021-02-26,151487.5335,117080.67842521623
2021-03-01,151487.5335,119918.73672545941
2021-03-02,151487.5335,118982.97780650722
2021-03-03,151487.5335,117406.96278511404
2021-03-04,151487.5335,115954.07393726721
2021-03-05,151487.5335,118087.23489395757
2021-03-08,151487.5335,117499.3074152738
2021-03-09,151487.5335,119176.90152984271
2021-03-10,151487.5335,119918.73672545941
2021-03-11,151487.5335,121134.60768922954
2021-03-12,151487.5335,121297.74986917844
2021-03-15,151487.5335,122021.1161387632
2021-03-16,151487.5335,121867.20842183026
2021-03-17,151487.5335,122282.75925754917
2021-03-18,151487.5335,120503.58604980454
2021-03-19,151487.5335,119887.95518207282
2021-03-22,151487.5335,120845.26118139563
2021-03-23,151487.5335,119894.11149075015
2021-03-24,151487.5335,119284.63693169576
2021-03-25,151487.5335,119955.67457752331
2021-03-26,153195.5555,121888.75550220087
2021-03-29,153412.0895,121827.19241542771
2021-03-30,152096.1715,121503.98620986856
2021-03-31,153236.01149999996,121996.49090405392
2021-04-01,154427.0685,123313.94096099978
2021-04-05,156263.4375,125083.87970572844
2021-04-06,155703.28449999998,125010.00400160064
2021-04-07,156318.93149999998,125154.67725551758
2021-04-08,156499.8675,125748.76104287869
2021-04-09,156417.89049999998,126662.97288146027
2021-04-12,157973.86349999998,126709.14519654015
2021-04-13,159322.18,127084.68002585649
2021-04-14,156373.78449999998,126650.66026410564
2021-04-15,159690.94539999997,128011.20448179271
2021-04-16,159305.8,128439.06793486625
2021-04-19,156244.2786,127808.04629544125
2021-04-20,155214.3154,126872.28737648905
2021-04-21,156150.338,128072.76756856589
2021-04-22,153434.59739999997,126903.06891987564
2021-04-23,156193.99039999998,128279.003909256
2021-04-26,157831.73249999998,128546.8033367193
2021-04-27,157468.11589999998,128519.09994767138
2021-04-28,156671.29559999998,128482.16209560748
2021-04-29,159395.18459999998,129300.95114969065
2021-04-30,157587.51799999998,128451.38055222089
2021-05-03,155846.89589999997,128728.41444270016
2021-05-04,152932.7871,127934.25062332625
2021-05-05,152249.06999999998,127974.26662972881
2021-05-06,153886.5225,128996.21387016345
2021-05-07,154822.52039999998,129935.0509434543
2021-05-10,149815.5146,128648.38242989503
2021-05-11,150387.97309999997,127500.2308615754
2021-05-12,146274.025,124791.45504355588
2021-05-13,146912.02109999998,126290.51620648259
2021-05-14,148605.98109999998,128229.75343983747
2021-05-17,148556.5411,127903.46907993966
2021-05-18,147990.0411,126801.48982669991
2021-05-19,148363.9311,126469.04915812479
2021-05-20,148880.99109999998,127829.59337581186
2021-05-21,148635.8511,127724.93612829747
2021-05-24,149501.05109999998,129026.99541355003
2021-05-25,149826.5311,128740.72706005479
2021-05-26,149813.1411,128996.21387016345
2021-05-27,150337.4111,129063.93326561393
2021-05-28,149923.3511,129294.79484101332
2021-06-01,149964.55109999998,129180.90313048296
2021-06-02,149966.61109999998,129384.06131683443
2021-06-03,149646.2811,128903.8692400037
2021-06-04,150090.21110000001,130082.8023517099
2021-06-07,150731.9011,129956.59802382492
2021-06-08,149946.6721,129984.30141287284
2021-06-09,149243.2021,129790.37768953734
2021-06-10,150758.6011,130393.69593991443
2021-06-11,151264.07259999998,130609.16674362052
2021-06-14,152769.52759999997,130901.59140579308
2021-06-15,151454.9916,130661.49536737772
2021-06-16,150317.6551,129931.97278911565
2021-06-17,154385.2321,129888.87862837443
2021-06-18,152819.6881,127718.77981962015
2021-06-21,152495.0521,129547.20349678333
2021-06-22,154397.8516,130239.7882229815
2021-06-23,155007.9981,130082.8023517099
2021-06-24,156616.8696,130852.34093637454
2021-06-25,155494.9781,131317.142241512
2021-06-28,159689.5231,131581.8635146366
2021-06-29,160435.76009999998,131652.66106442577
2021-06-30,161455.37159999998,131763.4746206175
2021-07-01,161905.8591,132492.99719887954
2021-07-02,163452.7391,133505.7099762982
2021-07-06,164054.92859999998,133262.53578354418
2021-07-07,161741.4826,133733.49339735895
2021-07-08,159918.2921,132643.8267614738
2021-07-09,161767.6341,134059.77775725676
2021-07-12,163459.8466,134539.96983408747
2021-07-13,162709.2241,134081.32483762736
2021-07-14,161223.9266,134281.40486964016
2021-07-15,158173.3731,133822.75987318004
2021-07-16,155578.6541,132773.1092436975
2021-07-19,155676.07809999998,130812.32492997199
2021-07-20,156463.39010000002,132686.92092221504
2021-07-21,159040.45010000002,133761.19678640686
2021-07-22,159850.33010000002,134041.3088312248
2021-07-23,161766.1301,135420.32197494383
2021-07-26,162041.14010000002,135752.76264351894
2021-07-27,161562.1901,135134.05362144858
2021-07-28,162125.6001,135078.64684335273
2021-07-29,160584.7201,135638.8709329886
2021-07-30,160376.6601,134980.14590451564
2021-08-02,159928.61010000002,134696.95570535905
2021-08-03,159855.48010000002,135792.7786499215
2021-08-04,160435.849,135124.8191584326
2021-08-05,161601.1046,135980.54606457968
2021-08-06,160683.88799999998,136205.25133130176
2021-08-09,161246.6491,136094.43777511004
2021-08-10,160713.3235,136263.73626373627
2021-08-11,160489.59709999998,136602.3332409887
2021-08-12,162510.87209999998,137011.72776803028
2021-08-13,162830.1502,137261.05826946162
2021-08-16,162585.271,137584.26447502078
2021-08-17,160158.297,136682.36525379383
2021-08-18,159536.4595,135186.38224520578
2021-08-19,159596.04009999998,135395.69674023456
2021-08-20,161817.52099999998,136473.05075876505
2021-08-23,164264.547,137673.53095084187
2021-08-24,164620.837,137892.07990888663
2021-08-25,164891.8047,138181.42641672053
2021-08-26,163432.49159999998,137365.71551697602
2021-08-27,165597.5097,138593.89909810078
2021-08-30,168703.0992,139203.37365715517
2021-08-31,168355.0526,138997.13731646506
2021-09-01,168810.86419999998,139071.01302059286
2021-09-02,167774.4011,139498.8764736664
2021-09-03,168159.441,139465.01677594116
2021-09-07,170106.984,138966.35577307845
2021-09-08,169218.9031,138797.05728445225
2021-09-09,168746.9431,138202.97349709115
2021-09-10,166218.24049999999,137113.30686120602
2021-09-13,166859.5352,137464.2164558131
2021-09-14,166971.856,136722.3812601964
2021-09-15,168322.83099999998,137864.3765198387
2021-09-16,168093.5601,137645.82756179394
2021-09-17,165590.4425,135869.73250838797
2021-09-20,161718.8786,133604.21091513528
2021-09-21,162417.5891,133478.00658725027
2021-09-22,161880.5767,134780.06587250283
2021-09-23,162236.3515,136417.64398066918
2021-09-24,162957.3515,136642.34924739125
2021-09-27,163021.2115,136251.42364638162
2021-09-28,161689.4215,133505.7099762982
2021-09-29,161582.3015,133730.41524302028
2021-09-30,161559.6415,132095.9152891926
2021-10-01,161932.5015,133665.77400190846
2021-10-04,160204.1615,131942.00757225967
2021-10-05,160897.3515,133314.8644073014
2021-10-06,160967.3915,133868.9321882599
2021-10-07,160512.13150000002,135026.31821959553
2021-10-08,160597.6215,134780.06587250283
2021-10-11,160123.8215,133804.29094714808
2021-10-12,159950.78149999998,133474.92843291163
2021-10-13,159950.78149999998,133955.12050974235
2021-10-14,159950.78149999998,136208.3294856404
2021-10-15,159950.78149999998,137245.66749776833
2021-10-18,159950.78149999998,137651.98387047127
2021-10-19,159950.78149999998,138713.94711730845
2021-10-20,159950.78149999998,139258.780435251
2021-10-21,159950.78149999998,139622.00264721274
2021-10-22,159950.78149999998,139477.32939329577
2021-10-25,159950.78149999998,140225.32089758982
2021-10-26,159950.78149999998,140351.5252254748
2021-10-27,159950.78149999998,139729.73804906578
2021-10-28,161804.59549999997,141077.9696493982
2021-10-29,164195.68349999996,141364.23800289346
2021-11-01,167338.72149999996,141607.41219564748
2021-11-02,167591.40729999996,142179.948902638
2021-11-03,170397.83039999995,143047.9884261397
2021-11-04,172272.73839999994,143722.1042263059
2021-11-05,171281.21149999995,144220.76522916858
2021-11-08,173344.82129999995,144343.89140271494
2021-11-09,169037.01329999996,143866.77748022287
2021-11-10,165368.90929999994,142709.39144888724
2021-11-11,168910.52129999993,142755.56376396713
2021-11-12,171379.95529999994,143832.91778249762
2021-11-15,170580.24129999994,143882.16825191615
2021-11-16,173115.03529999996,144451.626804568
2021-11-17,172045.86529999995,144100.71720996092
2021-11-18,175590.90329999995,144590.1437498076
2021-11-19,176756.34729999996,144331.5787853603
2021-11-22,172841.19329999996,143925.26241265738
2021-11-23,171641.74129999994,144116.1079816542
2021-11-24,175009.96329999994,144500.87727398652
2021-11-26,171879.04729999995,141278.04968141104
2021-11-29,177319.26529999994,143011.05057407578
2021-11-30,175076.86529999995,140228.39905192846
2021-12-01,171457.47929999995,138670.85295656725
2021-12-02,171846.83929999993,140794.77945024162
2021-12-03,170192.67929999996,139569.67402345553
2021-12-06,168965.07929999995,141222.64290331517
2021-12-07,170400.99929999994,144143.8113707021
2021-12-08,170497.71929999994,144525.5025086958
2021-12-09,168726.99929999994,143549.72758334104
2021-12-10,168838.59929999994,144901.03733801213
2021-12-13,167660.59929999994,143617.4469787915
2021-12-14,167660.59929999994,142629.35943608213
2021-12-15,167660.59929999994,144857.9431772709
2021-12-16,167660.59929999994,143580.50912672761
2021-12-17,167660.59929999994,141555.08357189028
2021-12-20,167660.59929999994,140049.86610028628
2021-12-21,167660.59929999994,142537.01480592237
2021-12-22,167660.59929999994,143962.20026472126
2021-12-23,167660.59929999994,144857.9431772709
2021-12-27,168843.69129999995,146907.9939668175
2021-12-28,168403.57929999992,146787.9459476098
2021-12-29,168592.69829999993,146975.71336226797
2021-12-30,168019.61129999993,146569.39698956505
2021-12-31,167922.01829999994,146200.01846892602
2022-01-03,168621.10729999992,147046.51091205713
2022-01-04,168569.34729999994,146997.2604426386
2022-01-05,166371.57929999992,144174.59291408872
2022-01-06,165560.01629999993,144039.15412318773
2022-01-07,164734.16429999995,143469.6955705359
2022-01-10,164834.04329999993,143291.16261889372
2022-01-11,165396.87429999994,144596.30005848492
2022-01-12,165475.47929999995,144987.22565949458
2022-01-13,163685.88029999993,142989.50349370518
2022-01-14,163844.28029999995,143047.9884261397
2022-01-18,163255.68029999995,140514.6674054237
2022-01-19,162613.08029999994,139055.62224889957
2022-01-20,162303.48029999994,137516.5450795703
2022-01-21,161925.48029999994,134817.00372456675
2022-01-24,161783.28029999995,135389.54043155722
2022-01-25,161783.28029999995,133736.5715516976
2022-01-26,161783.28029999995,133401.0527287838
2022-01-27,161783.28029999995,132742.32770031088
2022-01-28,161783.28029999995,136039.0309970142
2022-01-31,161783.28029999995,138489.24185058638
2022-02-01,161783.28029999995,139425.00076953857
2022-02-02,161783.28029999995,140779.38867854833
2022-02-03,161783.28029999995,137470.3727644904
2022-02-04,161783.28029999995,138116.7851756087
2022-02-07,161783.28029999995,137673.53095084187
2022-02-08,161783.28029999995,138806.2917474682
2022-02-09,161783.28029999995,140837.87361098285
2022-02-10,161783.28029999995,138307.63074460553
2022-02-11,161783.28029999995,135580.38600055408
2022-02-14,161783.28029999995,135137.13177578725
2022-02-15,161783.28029999995,137316.4650475575
2022-02-16,161783.28029999995,137470.3727644904
2022-02-17,161783.28029999995,134533.81352541017
2022-02-18,161783.28029999995,133662.6958475698
2022-02-22,161783.28029999995,132228.27592575492
2022-02-23,161783.28029999995,129882.7223196971
2022-02-24,161783.28029999995,131837.3503247453
2022-02-25,161783.28029999995,134746.2061747776
2022-02-28,161783.28029999995,134401.45288884785
2022-03-01,161783.28029999995,132354.48025363992
2022-03-02,161783.28029999995,134789.3003355188
2022-03-03,161783.28029999995,134118.26268969127
2022-03-04,161783.28029999995,133028.59605380613
2022-03-07,161783.28029999995,129107.02742635515
2022-03-08,161783.28029999995,128128.17434666173
2022-03-09,161783.28029999995,131563.39458860466
2022-03-10,161783.28029999995,130969.31080124357
2022-03-11,161783.28029999995,129304.0293040293
2022-03-14,161783.28029999995,128359.03592206113
2022-03-15,161783.28029999995,131181.703450611
2022-03-16,161783.28029999995,134090.55930064333
2022-03-17,161783.28029999995,135768.15341521223
2022-03-18,161783.28029999995,136830.11666204943
2022-03-21,161783.28029999995,136790.10065564688
2022-03-22,161783.28029999995,138390.7409117493
2022-03-23,161783.28029999995,136608.48954966603
2022-03-24,161783.28029999995,138667.77480222858
2022-03-25,161783.28029999995,139344.96875673346
2022-03-28,161783.28029999995,140336.1344537815
2022-03-29,161783.28029999995,142072.2135007849
2022-03-30,161783.28029999995,141194.93951426723
2022-03-31,161783.28029999995,139021.76255117432
2022-04-01,161783.28029999995,139415.7663065226
2022-04-04,161783.28029999995,140610.0901899221
2022-04-05,161783.28029999995,138833.99513651614
2022-04-06,155469.91289999994,137445.74752978113
2022-04-07,155511.48459999994,138138.3322559793
2022-04-08,152196.83159999992,137768.9537353403
2022-04-11,146838.06209999992,135414.16566626652
2022-04-12,146469.27059999993,134912.42650906518
2022-04-13,146581.47059999994,136457.65998707176
2022-04-14,145946.55059999993,134758.51879213224
2022-04-18,145946.55059999993,134813.92557022808
2022-04-19,145946.55059999993,136990.18068765968
2022-04-20,145946.55059999993,136888.60159448395
2022-04-21,145946.55059999993,134841.62895927601
2022-04-22,145946.55059999993,131141.68744420845
2022-04-25,145946.55059999993,131901.9915658571
2022-04-26,145946.55059999993,128082.00203158185
2022-04-27,145946.55059999993,128442.1460892049
2022-04-28,145946.55059999993,131686.52076215102
2022-04-29,145946.55059999993,126819.95875273187
2022-05-02,145946.55059999993,127583.34102871918
2022-05-03,145946.55059999993,128168.1903530643
2022-05-04,145946.55059999993,132071.29005448334
2022-05-05,145946.55059999993,127377.10468802905
2022-05-06,145946.55059999993,126616.80056638039
2022-05-09,145946.55059999993,122562.8713023671
2022-05-10,145946.55059999993,122846.06150152368
2022-05-11,145946.55059999993,120894.51165081417
2022-05-12,145946.55059999993,120768.30732292918
2022-05-13,145946.55059999993,123655.61609259088
2022-05-16,145946.55059999993,123153.87693538953
2022-05-17,145946.55059999993,125687.19795610552
2022-05-18,145946.55059999993,120620.55591467356
2022-05-19,145946.55059999993,119881.79887339551
2022-05-20,145946.55059999993,119934.1274971527
2022-05-23,145946.55059999993,122178.10201003478
2022-05-24,145946.55059999993,121245.42124542124
2022-05-25,145946.55059999993,122316.61895527442
2022-05-26,145946.55059999993,124760.6735001693
2022-05-27,145946.55059999993,127823.43706713454
2022-05-31,145946.55059999993,127106.2271062271
2022-06-01,145946.55059999993,126078.12355711515
2022-06-02,145946.55059999993,128479.08394126881
2022-06-03,145946.55059999993,126370.54821928771
2022-06-06,145946.55059999993,126755.31751162003
2022-06-07,145946.55059999993,127971.18847539015
2022-06-08,145946.55059999993,126579.86271431649
2022-06-09,145946.55059999993,123569.42777110844
2022-06-10,145946.55059999993,119986.4561209099
2022-06-13,145946.55059999993,115430.78769969525
2022-06-14,145946.55059999993,115082.95625942685
2022-06-15,145946.55059999993,116723.61252193185
2022-06-16,145946.55059999993,112860.52882691538
2022-06-17,145946.55059999993,112617.35463416135
2022-06-21,145946.55059999993,115452.33478006587
2022-06-22,145946.55059999993,115243.02028503708
2022-06-23,145946.55059999993,116372.70292732478
2022-06-24,145946.55059999993,120072.64444239234
2022-06-27,145946.55059999993,119613.99944593222
2022-06-28,145946.55059999993,117169.94490103734
2022-06-29,145946.55059999993,117074.52211653892
2022-06-30,145946.55059999993,116123.37242589344
2022-07-01,145946.55059999993,117351.5560070182
2022-07-05,145946.55059999993,117573.18311940161
2022-07-06,145946.55059999993,117970.26502908855
2022-07-07,145946.55059999993,119737.12561947855
2022-07-08,145946.55059999993,119638.62468064149
2022-07-11,145946.55059999993,118271.92415427709
2022-07-12,145946.55059999993,117225.3516791332
2022-07-13,145946.55059999993,116609.72081140148
2022-07-14,145946.55059999993,116326.5306122449
2022-07-15,145946.55059999993,118548.95804475636
2022-07-18,145946.55059999993,117570.10496506294
2022-07-19,145946.55059999993,120746.76024255856
2022-07-20,145946.55059999993,121516.29882722319
2022-07-21,145946.55059999993,122753.71687136393
2022-07-22,145946.55059999993,121614.79976606027
2022-07-25,145946.55059999993,121762.55117431587
2022-07-26,145946.55059999993,120321.97494382368
2022-07-27,145946.55059999993,123446.3015975621
2022-07-28,145946.55059999993,124994.61322990735
2022-07-29,145946.55059999993,126816.8805983932
2022-08-01,145946.55059999993,126441.34576907686
2022-08-02,146262.30059999996,125607.1659433004
2022-08-03,148847.94659999997,127574.1065657032
2022-08-04,152123.18639999995,127487.91824422077
2022-08-05,148678.31649999996,127272.44744051466
2022-08-08,146988.0603999999,127124.69603225906
2022-08-09,143213.29439999996,126619.87872071906
2022-08-10,149489.12859999994,129279.40406932004
2022-08-11,147680.67549999995,129279.40406932004
2022-08-12,152256.87649999995,131467.97180410626
2022-08-15,153559.04049999994,132009.72696771016
2022-08-16,152748.49839999992,132268.29193215747
2022-08-17,150037.3225999999,131329.4548588666
2022-08-18,151744.72349999996,131711.1459968603
2022-08-19,147173.39959999995,129941.20725213161
2022-08-22,141617.93839999993,127235.50958845076
2022-08-23,142184.82439999992,126927.69415458491
2022-08-24,143031.49359999993,127334.01052728784
2022-08-25,146492.52849999996,129131.65266106442
2022-08-26,138907.05949999992,124760.6735001693
2022-08-29,137795.79449999993,123935.7281374088
2022-08-30,136437.19449999993,122575.18391972173
2022-08-31,136199.45949999994,121642.50315510819
2022-09-01,137351.60949999993,122024.19429310186
2022-09-02,136160.59449999995,120737.52577954259
2022-09-06,134929.29449999993,120281.95893742112
2022-09-07,136911.59949999995,122442.82328315942
2022-09-08,136794.75949999993,123243.14341121064
2022-09-09,138249.48449999993,125157.75540985625
2022-09-12,139260.80449999994,126502.90885585004
2022-09-13,135042.28449999995,121002.24705266723
2022-09-14,136128.97949999993,121463.970203466
2022-09-15,137045.24949999992,120084.95705974697
2022-09-16,137066.12449999992,118681.31868131868
2022-09-19,137494.87449999992,119601.68682857759
2022-09-20,137399.32449999993,118228.82999353588
2022-09-21,136666.77449999994,116166.46658663465
2022-09-22,136688.82449999993,115190.6916612799
2022-09-23,135385.42449999994,113260.68889094099
2022-09-26,135098.77449999994,112140.24071166928
2022-09-27,135134.29949999994,111853.97235817404
2022-09-28,137687.19949999993,114054.8527103149
2022-09-29,137014.67449999994,111672.36125219318
2022-09-30,136491.59949999992,109945.51666820575
2022-10-03,136932.59949999992,112848.21620956075
2022-10-04,137140.84949999992,116344.99953827685
2022-10-05,136649.62449999992,116074.12195647489
2022-10-06,137052.64949999994,114876.71991873672
2022-10-07,135182.07449999993,111672.36125219318
2022-10-10,135822.74949999992,110819.71250038476
2022-10-11,133900.72449999992,110117.89331117061
2022-10-12,134706.77449999994,109754.6710992089
2022-10-13,136132.67449999994,112651.2143318866
2022-10-14,135825.19949999993,110084.03361344538
2022-10-17,137674.94949999993,112912.85745067257
2022-10-18,137155.54949999994,114239.54197063441
2022-10-19,141016.74949999992,113429.9873795672
2022-10-20,140499.79949999994,112478.83768892172
2022-10-21,143122.52449999994,115212.23874165051
2022-10-24,142250.32449999993,116622.03342875611
2022-10-25,143300.14949999994,118484.31680364453
2022-10-26,144231.14949999994,117591.65204543356
2022-10-27,144025.34949999992,116963.70856034721
2022-10-28,143875.89949999994,119746.36008249453
2022-10-31,143405.49949999992,118881.39871333148
2022-11-01,142777.07449999993,118361.1906300982
2022-11-02,141092.69949999993,115390.7716932927
2022-11-03,140610.04949999994,114202.60411857051
2022-11-04,139596.97449999992,115846.33853541416
2022-11-07,139328.69949999993,116954.47409733124
2022-11-08,139924.04949999994,117585.49573675625
2022-11-09,135011.38549999995,115162.98827223197
2022-11-10,146693.05049999992,121491.67359251392
2022-11-11,151857.44249999995,122667.52854988149
2022-11-14,153133.07549999995,121624.03422907625
2022-11-15,156945.78049999994,122661.37224120417
2022-11-16,152831.87149999992,121725.61332225197
2022-11-17,151612.29949999994,121353.1566472743
2022-11-18,150261.06449999992,121904.14627389418
2022-11-21,149398.56749999992,121460.89204912735
2022-11-22,152767.13849999994,123095.39200295502
2022-11-23,154907.99249999993,123871.08689629698
2022-11-25,152995.02949999995,123843.38350724905
2022-11-28,150417.97449999992,121867.20842183026
2022-11-29,150088.10749999993,121657.8939268015
2022-11-30,158831.81649999993,125490.19607843137
2022-12-01,160538.77849999996,125397.85144827161
2022-12-02,158903.00349999993,125253.17819435467
2022-12-05,156335.35749999993,122999.96921845661
2022-12-06,152681.14049999992,121226.9523193893
2022-12-07,152816.13849999994,121020.71597869917
2022-12-08,155781.15649999992,121968.787515006
2022-12-09,156639.25549999994,121057.65383076307
2022-12-12,158540.98149999994,122802.96734078246
2022-12-13,161352.09249999994,123732.56995105735
2022-12-14,159376.07749999996,122941.4842860221
2022-12-15,152798.84349999993,119934.1274971527
2022-12-16,151561.09449999992,117976.42133776587
2022-12-19,150342.90149999992,116976.02117770184
2022-12-20,149712.73549999992,117136.08520331209
2022-12-22,150025.87249999994,117191.49198140795
2022-12-23,149647.73149999994,117865.60778157417
2022-12-27,148387.11749999993,117400.80647643673
2022-12-28,147017.47749999992,115941.76131991258
2022-12-29,149473.7694999999,118028.74996152306
2022-12-30,150007.10149999993,117717.85637331856
2023-01-03,149704.3614999999,117222.27352479454
2023-01-04,151848.1874999999,118127.25090036014
2023-01-05,151596.09049999993,116779.0193000277
2023-01-06,154153.60649999994,119457.01357466062
2023-01-09,153471.2024999999,119389.29417921015
2023-01-10,154878.53149999992,120226.55215932526
2023-01-11,155021.10249999992,121747.16040262258
2023-01-12,155582.0574999999,122190.41462738941
2023-01-13,155749.5884999999,122664.45039554284
2023-01-17,154954.3124999999,122439.74512882075
2023-01-18,154695.04249999992,120506.66420414319
2023-01-19,152792.71049999993,119629.3902176255
2023-01-20,156482.46649999992,121857.9739588143
2023-01-23,158908.0014999999,123320.0972696771
2023-01-24,159880.56649999993,123187.73663311478
2023-01-25,160225.6744999999,123233.90894819466
2023-01-26,162613.44349999994,124588.29685720442
2023-01-27,163589.7124999999,124874.56521069966
2023-01-30,158399.8204999999,123307.78465232247
2023-01-31,160450.57149999993,125120.81755779234
2023-02-01,168214.78649999993,126450.58023209283
2023-02-02,178788.73449999993,128291.31652661064
2023-02-03,176153.25049999994,126927.69415458491
2023-02-06,175013.15249999994,126151.99926124296
2023-02-07,179438.21649999992,127801.88998676394
2023-02-08,177179.2144999999,126404.40791701296
2023-02-09,175141.65149999992,125308.58497245051
2023-02-10,169967.55349999992,125601.00963462307
2023-02-13,174186.62349999993,127075.44556284051
2023-02-14,177098.35549999992,127016.960630406
2023-02-15,176536.8914999999,127429.43331178626
2023-02-16,171180.99949999992,125674.88533875089
2023-02-17,169248.27549999993,125360.91359620771
2023-02-21,165376.64249999993,122846.06150152368
2023-02-22,164666.86949999994,122676.76301289747
2023-02-23,169384.56749999992,123329.33173269307
2023-02-24,166837.9944999999,122011.88167574722
2023-02-27,168334.32449999993,122427.43251146612
2023-02-28,169352.83849999993,121974.94382368332
2023-03-01,167032.5734999999,121507.06436420722
2023-03-02,168933.2174999999,122452.05774617539
2023-03-03,174299.81449999992,124415.92021423954
2023-03-06,173602.65449999992,124502.10853572199
2023-03-07,172942.43149999992,122593.65284575369
2023-03-08,175764.92049999992,122793.7328777665
2023-03-09,172978.2064999999,120528.2112845138
2023-03-10,170963.7914999999,118789.05408317172
2023-03-13,171350.41149999993,118619.75559454551
2023-03-14,175012.90049999993,120580.53990827099
2023-03-15,175803.66049999994,119826.39209529966
2023-03-16,177325.82049999994,121928.77150860344
2023-03-17,175349.98049999995,120044.94105334442
2023-03-20,175816.38049999994,121199.24893034136
2023-03-21,176738.58049999992,122790.65472342783
2023-03-22,176240.38049999994,120697.50977314002
2023-03-23,177188.02049999993,121023.79413303782
2023-03-24,177554.78049999994,121817.95795241173
2023-03-27,176882.74049999996,122045.74137347247
2023-03-28,176424.82049999994,121771.78563733185
2023-03-29,177414.86049999995,123541.72438206052
2023-03-30,177942.74049999996,124265.09065164527
2023-03-31,178811.94049999994,126016.56047034198
2023-04-03,179051.50049999994,126496.75254717271
2023-04-04,179401.30049999995,125794.93335795857
2023-04-05,178714.42049999995,125465.5708437221
2023-04-06,180941.12849999993,125954.99738356881
2023-04-10,180532.07449999993,126084.27986579247
2023-04-11,178788.19449999993,126118.13956351772
2023-04-12,177902.37249999994,125604.08778896174
2023-04-13,181094.02649999992,127272.44744051466
2023-04-14,181195.54149999993,126961.55385231016
2023-04-17,181266.83349999995,127417.12069443162
2023-04-18,182106.59849999993,127500.2308615754
2023-04-19,182225.39049999992,127478.68378120479
2023-04-20,180142.00949999993,126783.02090066795
2023-04-21,180669.83449999994,126881.52183950503
2023-04-24,179920.24349999995,127013.88247606735
2023-04-25,175648.97049999997,124997.691384246
2023-04-26,180024.73549999995,124468.24883799674
2023-04-27,190058.91549999994,126946.16308061685
2023-04-28,190359.86449999994,128029.67340782467
2023-05-01,191211.99749999994,127900.39092560101
2023-05-02,189721.93749999994,126462.89284944747
2023-05-03,188398.17349999995,125594.85332594576
2023-05-04,187230.40349999996,124705.26672207344
2023-05-05,191207.61749999993,127013.88247606735
2023-05-08,191703.86049999995,127047.74217379259
2023-05-09,190670.32049999994,126490.59623849539
2023-05-10,193057.42249999996,127081.60187151784
2023-05-11,193606.79149999996,126859.97475913442
2023-05-12,191942.03749999995,126693.75442484686
2023-05-15,194018.02649999995,127130.85234093637
2023-05-16,195256.04649999994,126281.28174346662
2023-05-17,198267.56149999995,127814.20260411857
2023-05-18,202891.88149999993,129045.46433958199
2023-05-19,201555.22949999996,128857.69692492382
2023-05-22,201786.92549999992,128910.025548681
2023-05-23,199578.78149999995,127463.2930095115
2023-05-24,200320.58149999994,126539.84670791394
2023-05-25,211617.46749999994,127635.66965247637
2023-05-26,217656.57549999995,129288.63853233602
2023-05-30,219872.60049999994,129337.88900175455
2023-05-31,216799.69949999996,128620.67904084711
2023-06-01,222647.89749999993,129842.70631329455
2023-06-02,223037.10849999994,131720.38045987627
2023-06-05,222670.81049999993,131467.97180410626
2023-06-06,222000.20949999997,131754.2401576015
2023-06-07,215821.74249999996,131298.67331548003
2023-06-08,219017.55749999994,132092.83713485394
2023-06-09,219446.09749999995,132329.85501893066
2023-06-12,223749.66349999994,133530.33521100748
2023-06-13,225969.38349999994,134410.68735186383
2023-06-14,229319.03849999994,134570.75137747405
2023-06-15,232592.04649999994,136239.111029027
2023-06-16,231076.80349999995,135272.5705666882
2023-06-20,232786.84149999995,134570.75137747405
2023-06-21,230221.93249999994,133881.24480561455
2023-06-22,233808.76249999992,134364.51503678394
2023-06-23,232728.92449999996,133348.72410502663
2023-06-26,226918.20349999995,132803.89078708406
2023-06-27,232140.19549999994,134259.85778926956
2023-06-28,231165.94849999994,134327.57718472005
2023-06-29,229636.26349999994,134857.0197309693
2023-06-30,234944.11349999995,136448.42552405578
2023-07-03,234223.60649999994,136605.41139532736
2023-07-05,235704.72849999994,136402.2532089759
2023-07-06,234806.64649999994,135334.13365346138
2023-07-07,234703.94649999993,134992.45852187029
2023-07-10,233203.83749999994,135334.13365346138
2023-07-11,234827.84249999994,136196.01686828578
2023-07-12,240567.73349999994,137291.83981284822
2023-07-13,245889.42849999995,138381.50644873333
2023-07-14,244735.13449999996,138295.3181272509
2023-07-17,246771.16049999994,138775.51020408163
2023-07-18,249747.99949999995,139806.69190753225
2023-07-19,250563.46849999993,140117.58549573674
2023-07-20,242764.71749999994,139187.98288546188
2023-07-21,238880.63449999996,139187.98288546188
2023-07-24,238675.85349999997,139809.7700618709
2023-07-25,241605.43449999997,140191.46119986457
2023-07-26,240509.98349999994,140213.00828023517
2023-07-27,242786.97749999995,139283.40566996028
2023-07-28,249394.62749999997,140647.02804198602
2023-07-31,248178.51449999996,140914.82746944932
2023-08-01,248060.48849999995,140511.58925108504
2023-08-02,240750.80449999994,138556.96124603687
2023-08-03,240638.03249999994,138159.87933634993
2023-08-04,241691.96749999994,137535.01400560225
2023-08-07,244265.14849999995,138735.49419767907
2023-08-08,241526.25949999996,138132.175947302
2023-08-09,235883.85949999996,137208.72964570444
2023-08-10,236033.06149999995,137257.98011512298
2023-08-11,232917.84249999994,137177.94810231784
2023-08-14,238883.91649999993,137935.17406962786
2023-08-15,236693.12749999992,136328.3775048481
2023-08-16,233375.50549999994,135327.97734478407
2023-08-17,229974.42949999994,134296.79564133345
2023-08-18,229357.90449999995,134361.4368824453
2023-08-21,236751.67849999995,135235.6327146243
2023-08-22,234853.77149999994,134869.33234832395
2023-08-23,239809.14549999996,136371.4716655893
2023-08-24,235380.95649999994,134481.48490165296
2023-08-25,234907.10149999996,135429.5564379598
2023-08-28,237325.55249999993,136288.36149844553
2023-08-29,243320.27949999995,138258.380275187
2023-08-30,244136.80949999994,138827.83882783883
2023-08-31,245206.55249999996,138624.68064148736
2023-09-01,244710.50449999995,138883.24560593467
2023-09-05,245940.69149999996,138283.00550989626
2023-09-06,241808.05049999995,137353.40289962137
2023-09-07,239937.57049999994,136931.69575522517
2023-09-08,239686.16349999994,137137.93209591528
2023-09-11,243351.35149999996,138039.83131714223
2023-09-12,239794.11749999996,137282.60534983224
2023-09-13,242433.82249999995,137442.6693754425
2023-09-14,244559.64049999995,138627.75879582603
2023-09-15,237584.36749999993,136476.1289131037
2023-09-18,238496.74549999996,136556.16092590883
2023-09-19,237955.69749999995,136272.97072675225
2023-09-20,232826.25449999995,135020.16191091822
2023-09-21,228224.86849999995,132788.50001539077
2023-09-22,228751.46849999993,132489.9190445409
2023-09-25,230084.66849999994,133047.0649798381
2023-09-26,226637.52849999993,131092.43697478992
2023-09-27,226139.52849999996,131144.76559854712
2023-09-28,227613.13849999994,131905.06972019578
2023-09-29,227512.02849999993,131584.94166897528
2023-10-02,230847.03849999994,131532.61304521808
2023-10-03,226926.67849999992,129771.9087635054
2023-10-04,229504.32849999995,130716.90214547358
2023-10-05,229337.43849999993,130667.65167605503
2023-10-06,233655.27849999996,132219.04146273894
2023-10-09,234979.77849999996,133065.53390587005
2023-10-10,235781.84849999993,133758.11863206822
2023-10-11,238511.94849999994,134306.03010434943
2023-10-12,237921.45849999995,133487.24105026625
2023-10-13,234373.86849999992,132822.35971311602
2023-10-16,237112.20849999992,134219.84178286698
2023-10-17,237004.87849999993,134213.68547418967
2023-10-18,234029.33849999995,132425.27780342905
2023-10-19,233292.12849999993,131261.73546341615
2023-10-20,230373.17849999992,129648.78258995905
2023-10-23,232258.34849999993,129424.07732323698
2023-10-24,232771.89849999995,130399.85224859175
2023-10-25,228625.95849999995,128528.33441068736
2023-10-26,224734.97849999997,126989.25724135808
2023-10-27,226740.01849999995,126413.64238002893
2023-10-30,228889.67849999995,127925.01616031028
2023-10-31,228690.19849999994,128728.41444270016
2023-11-01,231880.39849999995,130101.27127774186
2023-11-02,231940.38849999994,132594.57629205528
2023-11-03,233264.26849999998,133804.29094714808
2023-11-06,233962.53849999997,134112.10638101393
2023-11-07,235078.77849999996,134493.7975190076
2023-11-08,235600.02849999996,134592.29845784468
2023-11-09,234815.32849999995,133542.64782836213
2023-11-10,241292.51349999994,135626.55831563394
2023-11-13,239924.24349999995,135497.2758334103
2023-11-14,244190.48849999995,138126.01963862468
2023-11-15,243348.27349999995,138418.44430079724
2023-11-16,245368.69849999997,138587.74278942347
2023-11-17,245661.93849999996,138760.11943238834
2023-11-20,249053.58849999995,139828.23898790285
2023-11-21,246552.01849999995,139523.50170837567
2023-11-22,250256.28349999996,140062.1787176409
2023-11-24,249625.93349999996,140148.36703912335
2023-11-27,249389.48849999995,139895.95838335334
2023-11-28,250360.23349999994,140034.47532859296
2023-11-29,248592.54849999995,139935.9743897559
2023-11-30,246338.41849999994,140486.96401637577
2023-12-01,244840.77349999992,141318.0656878136
2023-12-04,240454.43349999993,140576.2304921969
2023-12-05,241204.94849999994,140548.52710314895
2023-12-06,238520.65849999993,139982.1467048358
2023-12-07,245381.91349999994,141050.2662603503
2023-12-08,247589.80349999995,141656.66266506602
2023-12-11,247412.43849999996,142207.6522916859
2023-12-12,251431.46349999995,142857.14285714287
2023-12-13,253879.30349999995,144827.16163388433
2023-12-14,250998.75849999994,145291.96293902176
2023-12-15,253309.73349999997,144467.01757626128
2023-12-18,258254.01349999994,145279.65032166714
2023-12-19,260733.78349999996,146163.08061686213
2023-12-20,257703.99849999996,144137.6550620248
2023-12-21,261153.76849999995,145504.3555883892
2023-12-22,260408.87349999993,145796.78025056177
2023-12-26,262290.9284999999,146412.41111829347
2023-12-27,263675.5484999999,146677.1323914181
2023-12-28,264592.9885,146732.53916951397
2023-12-29,262537.88349999994,146307.75387077907
2024-01-02,255192.32349999997,145488.9648166959
2024-01-03,253539.67349999995,144300.79724197372
2024-01-04,253210.62849999993,143835.99593683626
2024-01-05,255113.51349999994,144032.99781451043
2024-01-08,261929.01849999995,146089.20491273433
2024-01-09,263115.2984999999,145867.5778003509
2024-01-10,266857.43849999993,146692.5231631114
2024-01-11,268638.31849999994,146627.88192199956
2024-01-12,269505.7635,146729.4610151753
2024-01-16,270219.1434999999,146190.78400591004
2024-01-17,270185.82849999995,145378.1512605042
2024-01-18,274161.34849999996,146670.9760827408
2024-01-19,280009.1684999999,148499.39975990396
2024-01-22,277731.93849999993,148813.37150244712
2024-01-23,279866.5084999999,149247.391264198
2024-01-24,290027.4084999999,149410.5334441469
2024-01-25,293458.8034999999,150223.16618955275
2024-01-26,293942.6235,150032.32062055593
2024-01-29,297484.6584999999,151220.4881952781
2024-01-30,293417.8084999999,151103.51833040908
2024-01-31,287656.31849999994,148637.91670514358
2024-02-01,291828.96849999996,150583.3102471758
2024-02-02,315475.3635,152168.55973158494
2024-02-05,309767.6335,151614.4919506264
2024-02-06,305894.9134999999,152054.66802105456
2024-02-07,311747.82349999994,153322.8676085819
2024-02-08,311079.7385,153390.5870040324
2024-02-09,314100.6335,154277.09545356603
2024-02-12,312451.2684999999,154209.37605811557
2024-02-13,307910.81349999993,152085.44956444117
2024-02-14,316455.96849999996,153467.54086249883
2024-02-15,318894.5035,154526.4259549974
2024-02-16,314413.58849999995,153756.88737033276
2024-02-20,309863.3785,152910.39492720165
2024-02-21,308885.1484999999,153048.91187244127
2024-02-22,322433.93849999993,156216.3326869209
2024-02-23,319894.10349999997,156324.06808877396
2024-02-26,319263.31849999994,155751.53138178348
2024-02-27,322027.1684999999,156040.87788961738
2024-02-28,320333.9134999999,155834.64154892726
2024-02-29,328812.8834999999,156394.86563856312
2024-03-01,336719.44349999994,157863.14525810324
2024-03-04,336014.68849999993,157693.846769477
2024-03-05,329931.3034999999,156117.83174808385
2024-03-06,332445.4284999999,156908.91741311908
2024-03-07,339069.0284999999,158466.4635084803
2024-03-08,335388.32349999994,157515.31381783483
2024-03-11,326342.1285,157379.87502693385
2024-03-12,334449.72349999996,159072.85991319604
2024-03-13,331408.4084999999,158823.5294117647
2024-03-14,330609.6684999999,158509.55766922157
2024-03-15,327000.9334999999,156933.54264782835
2024-03-18,331019.6385,157866.2234124419
2024-03-19,329333.2535,158743.4973989596
2024-03-20,332681.1484999999,160211.7770184997
2024-03-21,332830.58849999995,160741.219564749
2024-03-22,333911.50849999994,160436.48228522178
2024-03-25,332029.29349999997,159993.22806045495
2024-03-26,330112.04349999997,159697.7252439437
2024-03-27,328527.1785,161039.80053559883
2024-03-28,326225.07849999995,161009.01899221228
2024-04-01,328807.76849999995,160728.90694739434
2024-04-02,329613.08849999995,159706.9597069597
2024-04-03,333650.1935,159882.41450426323
2024-04-04,332145.02349999995,157930.86465355376
2024-04-05,340755.64349999995,159580.7553790747
2024-04-08,338972.6184999999,159670.0218548958
2024-04-09,338376.9534999999,159854.71111521535
2024-04-10,338609.02349999995,158254.07085911286
2024-04-11,343007.7834999999,159448.39474251238
2024-04-12,337800.5384999999,157247.51439037154
2024-04-15,330967.0384999999,155277.49561363008
2024-04-16,331790.82349999994,154994.3054144735
2024-04-17,329609.37849999993,154077.01542155322
2024-04-18,329540.5234999999,153759.9655246714
2024-04-19,316741.5434999999,152417.89023301628
2024-04-22,318621.1134999999,153821.52861144458
2024-04-23,326229.84849999996,155646.87413426908
2024-04-24,322903.8034999999,155572.99843014128
2024-04-25,309667.0534999999,154981.99279711884
2024-04-26,317480.64849999995,156450.27241665896
2024-04-29,315262.26849999995,157004.3401976175
2024-04-30,309791.09349999996,154517.19149198142
2024-05-01,312196.6385,154015.45233478007
2024-05-02,316662.2984999999,155456.02856527225
2024-05-03,319847.1235,157382.95318127252
2024-05-06,323550.52849999996,159008.21867208424
2024-05-07,325069.35349999997,159183.67346938775
2024-05-08,324690.7585,159199.06424108107
2024-05-09,325841.40849999996,160116.35423400128
2024-05-10,324921.32849999995,160322.59057469142
2024-05-13,325266.68849999993,160344.13765506202
2024-05-14,325871.02349999995,161079.81654200138
2024-05-15,327032.32349999994,163074.46055345214
2024-05-16,326302.1834999999,162738.94173053838
2024-05-17,328281.72349999996,162972.88146027643
2024-05-20,331222.77349999995,163160.64887493456
2024-05-21,333287.88849999994,163560.8089389602
2024-05-22,331444.38849999994,163089.85132514546
2024-05-23,327602.75849999994,161898.60559608458
2024-05-24,330521.63849999994,162969.8033059378
2024-05-28,331696.3735,163083.6950164681
2024-05-29,332021.9235,161941.6997568258
2024-05-30,327766.13349999994,160867.42389263396
2024-05-31,326740.52349999995,162332.62535783544
2024-06-03,327153.6084999999,162464.98599439772
2024-06-04,327865.3734999999,162646.5971003786
2024-06-05,332380.89849999995,164579.67802505614
2024-06-06,333430.9934999999,164576.5998707175
2024-06-07,332419.72849999997,164376.5198387047
2024-06-10,333036.6135,164884.41530458338
2024-06-11,339200.46849999996,165281.49721427035
2024-06-12,342574.25349999993,166638.96327761875
2024-06-13,341484.82349999994,166974.48210053254
2024-06-14,343186.71349999995,167076.06119370824
2024-06-17,346180.16849999997,168405.82386800874
2024-06-18,345044.41849999997,168833.68732108228
2024-06-20,344233.7585,168375.04232462216
2024-06-21,346806.29349999997,167608.58189429616
2024-06-24,343768.89349999995,167063.74857635362
2024-06-25,346692.62849999993,167707.08283313326
2024-06-26,350979.39849999995,167916.39732816204
2024-06-27,353877.56349999993,168181.11860128667
2024-06-28,348510.6735,167519.31541847507
2024-07-01,353073.38849999994,167864.06870440484
2024-07-02,356785.53349999996,168993.75134669253
2024-07-03,357119.07849999995,169747.89915966385
2024-07-05,362712.1085,170726.75223935727
2024-07-08,361775.21349999995,170923.75411703144
2024-07-09,361256.97349999996,171089.97445131902
2024-07-10,363519.9885,172782.9593375812
2024-07-11,354423.51849999995,171293.13263767044
2024-07-12,354380.1135,172373.5648105396
2024-07-15,356534.6985,172847.600578693
2024-07-16,355334.4235,173872.62597346632
2024-07-17,349183.58349999995,171434.72773724876
2024-07-18,344371.2535,170117.27768030288
2024-07-19,342825.91349999997,168987.5950380152
2024-07-22,346041.69349999994,170729.83039369594
2024-07-23,347382.25349999993,170462.03096623265
2024-07-24,337799.7985,166598.94727121617
2024-07-25,333880.19849999994,165730.90774771446
2024-07-26,335311.41849999997,167587.0348139256
2024-07-29,336207.64349999995,167685.53575276263
2024-07-30,335277.6735,166835.96515529288
2024-07-31,338480.84849999996,169547.81912765105
2024-08-01,335579.18849999993,167146.8587434974
2024-08-02,327401.7335,164034.8447071136
2024-08-05,320815.20849999995,159257.54917351555
2024-08-06,321944.7585,160725.82879305567
2024-08-07,322140.53349999996,159651.55292886385
2024-08-08,324074.70849999995,163342.25998091543
2024-08-09,324442.6835,164062.54809616154
2024-08-12,324360.6835,164148.736417644
2024-08-13,325885.8835,166848.27777264753
2024-08-14,327286.0335,167374.64216455814
2024-08-15,327443.8835,170243.48200818792
2024-08-16,328556.0085,170625.17314618154
2024-08-19,330038.15849999996,172256.59494567057
2024-08-20,331064.1835,171976.48290085266
2024-08-21,330918.6335,172567.4885338751
2024-08-22,330082.2335,171213.10062486533
2024-08-23,329853.65849999996,173032.28983901252
2024-08-26,330028.9335,172619.8171576323
2024-08-27,330775.1335,172856.83504170895
2024-08-28,324986.2335,171853.3567273063
2024-08-29,321275.2535,171868.7474989996
2024-08-30,327000.1385,173509.40376150457
2024-09-03,308869.3735,169938.7447286607
2024-09-04,311591.03349999996,169590.9132883923
2024-09-05,311391.39349999995,169178.44060701205
2024-09-06,299277.8685,166331.14784375287
2024-09-09,300813.91349999997,168193.4312186413
2024-09-10,300629.4134999999,168926.03195124204
2024-09-11,301434.03849999997,170659.03284390678
2024-09-12,301980.3635,172096.53092006032
2024-09-13,303032.01349999994,172995.35198694863
2024-09-16,302974.6135,173250.83879705728
2024-09-17,304041.63849999994,173321.63634684644
2024-09-18,302356.53849999997,172807.58457229045
2024-09-19,303776.16349999997,175756.45642872533
2024-09-20,303438.93849999993,174916.12029427156
2024-09-23,303883.78849999997,175353.21821036105
2024-09-24,305615.01349999994,175854.9573675624
2024-09-25,305543.26349999994,175467.10992089144
2024-09-26,304219.0384999999,176162.77280142825
2024-09-27,302505.4884999999,175907.2859913196
2024-09-30,302930.58849999995,176612.18333487242
2024-10-01,300271.95849999995,175030.01200480192
2024-10-02,299269.13849999994,175103.88770892972
2024-10-03,297506.52349999995,174783.75965770925
2024-10-04,305147.9134999999,176372.08729645703
2024-10-07,297898.90349999996,174777.6033490319
2024-10-08,303106.09349999996,176430.57222889154
2024-10-09,305078.3685,177652.599501339
2024-10-10,305290.13849999994,177341.70591313447
2024-10-11,304521.38849999994,178403.6691599717
2024-10-14,303517.9134999999,179862.71431649584
2024-10-15,302798.3634999999,178465.23224674485
2024-10-16,302390.4134999999,179240.92714008677
2024-10-17,300919.5384999999,179256.3179117801
2024-10-18,308734.13849999994,179945.82448363962
2024-10-21,309572.58849999995,179650.3216671284
2024-10-22,308770.01349999994,179554.89888263
2024-10-23,307237.63849999994,177914.24262012498
2024-10-24,308084.20849999995,178299.0119124573
2024-10-25,308781.5534999999,178237.4488256841
2024-10-28,308286.7735,178788.43845230402
2024-10-29,309717.7535,179077.7849601379
2024-10-30,307435.4835,178536.02979653399
2024-10-31,303863.88849999994,175036.16831347923
2024-11-01,304218.58349999995,175774.9253547573
2024-11-04,304203.0085,175396.31237110225
2024-11-05,307040.3685,177517.16071043804
2024-11-06,310909.7585,181931.23403207437
2024-11-07,317605.40349999996,183337.95056484133
2024-11-08,321286.1135,184132.11438421524
2024-11-11,326206.9334999999,184307.56918151875
2024-11-12,325048.22349999996,183735.03247452827
2024-11-13,327217.44849999994,183824.2989503494
2024-11-14,324350.96349999995,182642.2876843045
2024-11-15,319889.15349999996,180302.890386924
2024-11-18,325698.7384999999,181041.64742820204
2024-11-19,333333.77349999995,181703.4506110136
2024-11-20,333085.53849999997,181765.0136977868
2024-11-21,333066.13349999994,182740.78862314153
2024-11-22,333783.3084999999,183307.16902145473
2024-11-25,327001.3484999999,183928.95619786376
2024-11-26,330189.83349999995,184889.34035152523
2024-11-27,328358.88349999994,184329.1162618894
2024-11-29,334195.6184999999,185474.18967587032
2024-12-02,339188.66349999997,185806.63034444547
2024-12-03,340626.47849999997,185892.81866592792
2024-12-04,346185.7434999999,187047.12654292485
2024-12-05,349818.40849999996,186739.311109059
2024-12-06,356059.90349999996,187093.2988580047
2024-12-09,353249.65849999996,186129.8365500046
2024-12-10,353928.7284999999,185551.1435343368
2024-12-11,363924.07349999994,186985.5634561517
2024-12-12,360656.76849999995,186022.1011481516
2024-12-13,362041.28849999997,185985.16329608767
2024-12-16,368904.2334999999,186779.32711546158
2024-12-17,371633.0584999999,186009.78853079694
2024-12-18,355830.4285,180466.0325668729
2024-12-19,357439.33349999995,180410.62578877705
2024-12-20,356259.81849999994,181965.0937297996
2024-12-23,358451.97849999997,183054.76036568475
2024-12-24,360570.65349999996,185089.420383538
2024-12-26,359752.70349999995,185101.73300089265
2024-12-27,358052.22849999997,183153.26130452182
2024-12-30,357322.4285,181063.19450857266
2024-12-31,356388.65349999996,180404.46948009974
2025-01-02,355918.1785,179961.2152553329
2025-01-03,355335.97849999997,182211.3460768923
2025-01-06,355411.82849999995,183260.99670637486
2025-01-07,349672.39849999995,181189.39883645767
2025-01-08,348237.59349999996,181454.1201095823
2025-01-10,341872.1085,178683.78120478962
2025-01-13,341214.71849999996,178960.8150952689
2025-01-14,337834.07349999994,179207.0674423616
2025-01-15,346634.91349999997,182466.83288700096
2025-01-16,344184.19849999994,182115.92329239388
2025-01-17,350846.0035,183944.34696955708
2025-01-21,355312.8335,185628.09739280326
2025-01-22,366169.9285,186671.59171360853
2025-01-23,370359.4435,187690.46079970448
2025-01-24,372507.89849999995,187142.54932742327
2025-01-27,358243.37849999993,184495.33659617693
2025-01-28,361600.6785,186080.58608058607
2025-01-29,362169.5685,185246.40625480958
2025-01-30,363807.7335,186240.65010619632
2025-01-31,366353.7435,185249.48440914828
2025-02-03,366321.58349999995,184002.83190199157
2025-02-04,371726.91849999997,185237.17179179363
2025-02-05,366549.84849999996,185988.2414504263
2025-02-06,368567.52349999995,186634.65386154465
2025-02-07,363613.5085,184926.2782035891
2025-02-10,366854.03349999996,186182.1651737618
2025-02-11,364571.90349999996,186323.76027334007
2025-02-12,365347.28849999997,185723.5201773017
2025-02-13,368619.1885,187684.30449102717
2025-02-14,370097.4335,187675.07002801122
2025-02-18,364755.6985,188226.05965463107
2025-02-19,364846.57849999995,188669.3138793979
2025-02-20,360727.65349999996,187884.38452303997
2025-02-21,353862.33849999995,184670.7913934805
2025-02-24,349987.8084999999,183830.4552590267
2025-02-25,347849.9935,182916.2434204451
2025-02-26,349569.16349999997,183008.58805060486
2025-02-27,342966.72849999997,180087.41958321788
2025-02-28,346767.13349999994,182897.7744944131
2025-03-03,343928.72349999996,179693.4158278696
2025-03-04,341903.6234999999,177566.41117985654
2025-03-05,345286.81349999993,179474.86686982482
2025-03-06,333839.89349999995,176288.97712931325
2025-03-07,332063.38849999994,177277.06467202262
2025-03-10,332063.38849999994,172555.17591652047
2025-03-11,332063.38849999994,171120.75599470554
2025-03-12,332063.38849999994,172028.81152460983
2025-03-13,332063.38849999994,169735.5865423092
2025-03-14,332063.38849999994,173241.60433404127
2025-03-17,332063.38849999994,174577.5233170191
2025-03-18,332063.38849999994,172690.61470742142
2025-03-19,332063.38849999994,174571.3670083418
2025-03-20,332063.38849999994,174066.54969680178
2025-03-21,332063.38849999994,173601.74839166435
2025-03-24,332063.38849999994,176710.6842737095
2025-03-25,332063.38849999994,177135.46957244436
2025-03-26,332063.38849999994,175020.77754178594
2025-03-27,332063.38849999994,174555.97623664854
2025-03-28,332063.38849999994,171040.72398190046
2025-03-31,332063.38849999994,172188.87555022008
2025-04-01,332063.38849999994,172675.22393572814
2025-04-02,332063.38849999994,173767.9687259519
2025-04-03,332063.38849999994,165204.54335580388
2025-04-04,332063.38849999994,155532.98242373872
2025-04-07,332063.38849999994,155255.94853325945
2025-04-08,332063.38849999994,152824.2066057192
2025-04-09,332063.38849999994,168873.70332748484
2025-04-10,332063.38849999994,161473.82029734974
2025-04-11,332063.38849999994,164354.97275833413
2025-04-14,332063.38849999994,165949.45670575922
2025-04-15,332063.38849999994,165484.6554006218
2025-04-16,332063.38849999994,161806.26096592483
2025-04-17,332063.38849999994,162037.1225413242
2025-04-21,332063.38849999994,158180.19515498506
2025-04-22,332063.38849999994,162295.68750577155
2025-04-23,332063.38849999994,164810.53960045555
2025-04-24,332063.38849999994,168279.61954012376
2025-04-25,332063.38849999994,169495.49050389387
2025-04-28,332063.38849999994,169560.1317450057
2025-04-29,332063.38849999994,170628.25130052023
2025-04-30,332063.38849999994,170695.9706959707
2025-05-01,332063.38849999994,171905.6853510635
2025-05-02,332063.38849999994,174457.47529781144
2025-05-05,332063.38849999994,173457.0751377474
2025-05-06,332063.38849999994,172007.2644442392
2025-05-07,332063.38849999994,172730.63071382398
2025-05-08,332063.38849999994,173934.18906023944
2025-05-09,332063.38849999994,173712.56194785607
2025-05-12,332063.38849999994,179453.31978945425
2025-05-13,332063.38849999994,180638.4092098378
2025-05-14,332063.38849999994,180869.27078523717
2025-05-15,332063.38849999994,181752.70108043216
2025-05-16,332063.38849999994,182903.93080309048
2025-05-19,329979.21849999996,183104.01083510328
2025-05-20,329037.93849999993,182488.37996737155
2025-05-21,324709.08849999995,179413.30378305167
2025-05-22,325942.19849999994,179484.10133284083
2025-05-23,323275.1684999999,178258.99590605474
2025-05-27,335159.5485,181965.0937297996
2025-05-28,334008.87849999993,180912.3649459784
2025-05-29,337254.9984999999,181626.49675254716
2025-05-30,332241.71849999996,181423.3385661957
2025-06-02,338827.7484999999,182445.28580663033
2025-06-03,344181.18849999993,183485.70197309693
2025-06-04,346221.39849999995,183436.45150367837
2025-06-05,334603.53849999997,182549.9430541447
2025-06-06,333384.8084999999,184424.53904638777
2025-06-09,335702.0284999999,184590.75938067533
2025-06-10,338046.4284999999,185637.33185581927
2025-06-11,337858.69849999994,185107.88930957
2025-06-12,338239.9885,185843.56819650938
2025-06-13,332517.34849999996,183765.81401791485
2025-06-16,342107.3884999999,185514.20568227288
2025-06-17,340693.40849999996,183928.95619786376
2025-06-18,340570.4884999999,183901.25280881586
2025-06-20,336476.6684999999,182928.55603779975
2025-06-23,339439.37849999993,184735.4326345923
2025-06-24,350604.64849999995,186776.2489611229
2025-06-25,357591.1684999999,186880.9062086373
2025-06-26,362345.75849999994,188343.0295195001
2025-06-27,366029.89849999995,189278.7884384523
2025-06-30,366439.39849999995,190183.7658140179
2025-07-01,356150.88849999994,190122.20272724473
2025-07-02,361177.1184999999,190984.08594206916
2025-07-03,364132.5384999999,192489.30341367316
2025-07-07,360602.59849999996,191054.88349185826
2025-07-08,361726.8084999999,190950.22624434388
2025-07-09,367077.12849999993,192095.29965832483
2025-07-10,369874.50849999994,192637.0548219288
2025-07-11,371180.8384999999,191959.86086742388
2025-07-14,371861.2184999999,192326.16123372424
2025-07-15,380583.26849999995,191504.29402530243
2025-07-16,382886.87849999993,192144.5501277434
2025-07-17,385450.2384999999,193320.40508511098
2025-07-18,383305.0984999999,193178.8099855327
2025-07-21,386872.0784999999,193545.11035183305
2025-07-22,380632.5884999999,193572.81374088096
2025-07-23,386345.26849999995,195219.62631206328
2025-07-24,391800.56849999994,195284.2675531751
2025-07-25,394596.4284999999,196109.2129159356
2025-07-28,401373.7984999999,196059.96244651708
2025-07-29,403124.4884999999,195542.83251762242
2025-07-30,407233.38849999994,195296.58017052975
2025-07-31,408375.1184999999,194563.97943792903
2025-08-01,399260.9584999999,191375.01154307876
2025-08-04,412163.44849999994,194283.86739311105
2025-08-05,407307.26849999995,193298.85800474035
2025-08-06,405587.0284999999,194779.45024163512
2025-08-07,410944.2984999999,194616.3080616862
2025-08-08,414898.5384999999,196133.83815064485
2025-08-11,413558.1684999999,195745.99070397386
2025-08-12,421185.3984999999,197829.90119124574
2025-08-13,423043.08849999995,198507.09514575062
2025-08-14,422525.2384999999,198525.56407178257
2025-08-15,419255.8384999999,198060.76276664514
2025-08-18,417187.5984999999,198017.66860590386
2025-08-19,403816.8484999999,196943.39274171204
2025-08-20,400756.2184999999,196420.1065041401
2025-08-21,398640.5984999999,195632.0989934435
2025-08-22,407293.5484999999,198636.37762797423
2025-08-25,406570.6784999999,197762.18179579524
2025-08-26,409858.4084999999,198590.2053128944
2025-08-27,410135.95849999995,199042.6940006772
2025-08-28,414453.3684999999,199747.59134422996
2025-08-29,404620.32849999995,198556.34561516912
2025-09-02,402181.9584999999,197084.98784129036
2025-09-03,410423.4784999999,198153.10739680487
2025-09-04,413483.0884999999,199809.15443100317
2025-09-05,414876.3384999999,199230.46141533536
2025-09-08,418068.1684999999,199719.8879551821
2025-09-09,420102.6484999999,200181.61110598088
2025-09-10,430691.81849999994,200760.30412164866
2025-09-11,428218.47849999985,202428.66377320158
2025-09-12,435145.62849999993,202360.9443777511
2025-09-15,444221.52849999996,203438.29839628158
2025-09-16,445534.4984999999,203158.18635146366
2025-09-17,439605.8084999999,202905.77769569363
2025-09-18,441535.3084999999,203853.8492320005
2025-09-19,444445.6584999999,204297.10345676733
2025-09-22,445664.8784999999,205263.6439191061
2025-09-23,440190.81849999994,204146.27389417306
2025-09-24,442180.1684999999,203496.7833287161
2025-09-25,435736.6684999999,202557.94625542522
2025-09-26,439032.1784999999,203718.41044109955
2025-09-29,438578.0884999999,204290.94714808997
2025-09-30,440428.3684999999,205060.4857327546
2025-10-01,443911.00849999994,205759.22676763014
2025-10-02,442099.2784999999,205996.24465170683
2025-10-03,438468.9484999999,205993.16649736816
2025-10-06,444202.8884999999,206731.92353864622
2025-10-07,437841.6184999999,205965.46310832025
2025-10-08,443508.4184999999,207193.646689445
2025-10-09,444697.0984999999,206593.4065934066
2025-10-10,425300.3484999999,201009.63462308
2025-10-13,445227.8484999999,204093.94527041586
2025-10-14,436243.9084999999,203844.61476898452
2025-10-15,441473.0584999999,204749.59214455012
2025-10-16,443327.0684999999,203355.1882291378
2025-10-17,443332.4984999999,204509.49610613476
2025-10-20,444230.7984999999,206636.5007541478
2025-10-21,439498.0684999999,206633.42259980916
2025-10-22,438891.2784999999,205559.1467356173
2025-10-23,441372.8584999999,206778.0958537261
2025-10-24,452131.91849999985,208468.00258564964
2025-10-27,465942.3184999999,210927.44790223782
2025-10-28,473593.2584999999,211487.67199187368
2025-10-29,484994.0784999999,211589.2510850494
2025-10-30,475752.8084999999,209262.16640502354
2025-10-31,476997.85849999986,209948.5948225444
2025-11-03,481403.1984999999,210342.5985778927
2025-11-04,464651.6384999999,207849.29356357927
2025-11-05,472895.5084999999,208569.58167882537
2025-11-06,459268.2084999999,206331.7634746206
2025-11-07,451002.95849999983,206534.9216609721
2025-11-10,469215.98849999986,209757.74925354758
2025-11-11,461843.3984999999,210237.9413303783
2025-11-12,467333.4184999999,210354.91119524732
2025-11-13,447887.0584999999,206864.28417520854
2025-11-14,449330.8884999999,206830.4244774833
2025-11-17,449466.3184999999,204903.49986148303
2025-11-18,442525.00849999994,203182.81158617296
2025-11-19,451882.9184999999,203967.74094253086
2025-11-20,448559.7984999999,200858.80506048573
2025-11-21,452306.8684999999,202859.6053806138
2025-11-24,459250.5084999999,205845.41508911256
2025-11-25,461034.1284999999,207781.57416812878
2025-11-26,459753.2984999999,209215.99408994368
2025-11-28,459837.7084999999,210357.989349586
2025-12-01,457896.2784999999,209397.60519592452
2025-12-02,458233.9184999999,209785.45264259548
2025-12-03,459635.85849999986,210511.89706651893
2025-12-04,458898.18849999993,210665.80478345184
2025-12-05,460237.73849999986,211065.96484747744
2025-12-08,456176.4184999999,210431.8650537138
2025-12-09,458019.6284999999,210250.25394773294
2025-12-10,461339.4284999999,211644.65786314526
2025-12-11,456337.7584999999,212137.16255733062
2025-12-12,445794.9084999999,209856.25019238464
2025-12-15,442760.0484999999,209539.20029550281
2025-12-16,446002.31849999994,208966.66358851234
2025-12-17,436733.34849999985,206667.2822975344
2025-12-18,443584.5084999999,208227.90654723428
2025-12-19,444675.36849999987,209496.1061347616
2025-12-22,446252.0184999999,210801.24357435282
2025-12-23,448578.4885,211764.70588235295
2025-12-24,449430.4184999999,212509.6192323083
2025-12-26,446775.73849999986,212488.0721519377
2025-12-29,443605.19849999994,211730.8461846277
2025-12-30,443619.70849999995,211472.2812201804
2025-12-31,440772.6584999999,209905.50066180318
2026-01-02,436412.97849999985,210290.2699541355
2026-01-05,439101.0484999999,211690.83017822512
2026-01-06,434741.35849999986,212949.7953027365
2026-01-07,435889.19849999994,212263.36688521563
2026-01-08,436311.97849999997,212241.819804845
2026-01-09,440197.94849999994,213645.4581832733
2026-01-12,440584.1085,213980.97700618708
2026-01-13,439621.6085,213553.11355311354
2026-01-14,434107.6684999999,212503.46292363098
2026-01-15,432585.1384999999,213082.1559392988
2026-01-16,430977.72849999997,212903.6229876566
